Position (in),Force (lbf),Strain (%),Time (sec),Stress (psi)
1.24,0.0,-0.00219,0.001,0.0
1.24,-0.07219,-0.0022,0.081,-0.3691357172639122
1.24,-0.09625,-0.00219,0.161,-0.49216391171424784
1.24,-0.09625,-0.00219,0.241,-0.49216391171424784
1.24,-0.07219,-0.00219,0.321,-0.3691357172639122
1.24,-0.07219,-0.00219,0.401,-0.3691357172639122
1.24,-0.1145,-0.00219,0.481,-0.5854833027665598
1.24,-0.1203,-0.00219,0.561,-0.6151409722516781
1.24,0.0,-0.00218,0.641,0.0
1.24,0.01527,-0.00218,0.721,0.07808148500650976
1.24,0.2166,-0.00218,0.801,1.1075605535304527
1.24,0.3957,-0.00217,0.881,2.023368933665744
1.24,0.6016,-0.00216,0.961,3.076216200387444
1.24,0.7219,-0.00216,1.04,3.691357172639122
1.24,0.7219,-0.00216,1.12,3.691357172639122
1.24,0.8663,-0.00216,1.2,4.429730874992757
1.24,0.9866,-0.00214,1.28,5.044871847244435
1.24,1.083,-0.00214,1.36,5.537802767652264
1.24,1.107,-0.00214,1.44,5.660524158625167
1.24,1.155,-0.00213,1.52,5.905966940570974
1.24,1.155,-0.00213,1.6,5.905966940570974
1.24,1.107,-0.00213,1.68,5.660524158625167
1.24,1.059,-0.00213,1.76,5.41508137667936
1.24,1.11,-0.00213,1.84,5.67586433249678
1.24,1.227,-0.00212,1.92,6.274131113489684
1.24,1.323,-0.00211,2.0,6.765016677381297
1.24,1.42,-0.00211,2.08,7.261015632563448
1.25,1.518,-0.00211,2.16,7.762127979036137
1.25,1.585,-0.00211,2.24,8.104725195502159
1.25,1.564,-0.00211,2.32,7.997343978400869
1.25,1.54,-0.00211,2.4,7.874622587427965
1.25,1.564,-0.00211,2.48,7.997343978400869
1.25,1.677,-0.00209,2.56,8.575157194231622
1.25,1.757,-0.00209,2.64,8.984228497474632
1.25,1.829,-0.00209,2.72,9.352392670393343
1.25,1.805,-0.00208,2.8,9.229671279420439
1.25,1.901,-0.00208,2.88,9.720556843312053
1.25,1.973,-0.00207,2.96,10.088721016230764
1.25,2.093,-0.00207,3.04,10.70232797109528
1.25,2.176,-0.00206,3.12,11.126739448209905
1.25,2.214,-0.00206,3.2,11.321048317250334
1.25,2.142,-0.00205,3.28,10.952884144331623
1.25,2.142,-0.00206,3.36,10.952884144331623
1.25,2.093,-0.00207,3.44,10.70232797109528
1.25,2.238,-0.00207,3.52,11.443769708223238
1.25,2.334,-0.00207,3.6,11.93465527211485
1.25,2.406,-0.00207,3.68,12.302819445033562
1.25,2.551,-0.00207,3.76,13.04426118216152
1.25,2.503,-0.00208,3.84,12.798818400215712
1.25,2.551,-0.00208,3.92,13.04426118216152
1.25,2.503,-0.00208,4.0,12.798818400215712
1.25,2.599,-0.00208,4.08,13.289703964107327
1.25,2.719,-0.00208,4.16,13.903310918971842
1.25,2.815,-0.00207,4.24,14.394196482863455
1.25,2.839,-0.00206,4.32,14.51691787383636
1.25,2.863,-0.00206,4.4,14.639639264809261
1.25,2.905,-0.00206,4.48,14.854401699011841
1.25,2.912,-0.00206,4.56,14.890195438045605
1.25,2.888,-0.00205,4.64,14.767474047072703
1.25,3.008,-0.00205,4.72,15.38108100193722
1.25,3.08,-0.00204,4.8,15.74924517485593
1.25,3.056,-0.00204,4.88,15.626523783883027
1.25,3.032,-0.00204,4.96,15.503802392910124
1.25,3.032,-0.00203,5.04,15.503802392910124
1.25,3.176,-0.00203,5.12,16.240130738747546
1.25,3.224,-0.00202,5.2,16.48557352069335
1.25,3.248,-0.00202,5.28,16.608294911666256
1.25,3.248,-0.00202,5.36,16.608294911666256
1.25,3.2,-0.00202,5.44,16.362852129720448
1.25,3.224,-0.00202,5.52,16.48557352069335
1.25,3.224,-0.00202,5.6,16.48557352069335
1.25,3.369,-0.00203,5.68,17.22701525782131
1.25,3.321,-0.00203,5.76,16.981572475875502
1.25,3.369,-0.00203,5.84,17.22701525782131
1.25,3.393,-0.00203,5.92,17.34973664879421
1.25,3.465,-0.00204,6.0,17.71790082171292
1.25,3.465,-0.00203,6.08,17.71790082171292
1.25,3.489,-0.00203,6.16,17.840622212685822
1.25,3.557,-0.00202,6.24,18.188332820442383
1.25,3.585,-0.00202,6.32,18.33150777657744
1.25,3.658,-0.00201,6.4,18.704785340786685
1.25,3.658,-0.00201,6.48,18.704785340786685
1.25,3.706,-0.002,6.56,18.950228122732494
1.25,3.706,-0.00199,6.64,18.950228122732494
1.25,3.73,-0.00199,6.72,19.072949513705396
1.26,3.826,-0.002,6.8,19.56383507759701
1.26,3.946,-0.00199,6.88,20.177442032461528
1.26,4.043,-0.00199,6.96,20.673440987643676
1.26,4.018,-0.00199,7.04,20.545606205380235
1.26,4.067,-0.00199,7.12,20.796162378616582
1.26,4.067,-0.00198,7.2,20.796162378616582
1.26,4.115,-0.00199,7.28,21.041605160562387
1.26,4.163,-0.00199,7.36,21.287047942508195
1.26,4.115,-0.00199,7.44,21.041605160562387
1.26,4.115,-0.00198,7.52,21.041605160562387
1.26,4.091,-0.00197,7.6,20.918883769589485
1.26,4.163,-0.00197,7.68,21.287047942508195
1.26,4.163,-0.00197,7.76,21.287047942508195
1.26,4.211,-0.00198,7.84,21.532490724454004
1.26,4.187,-0.00198,7.92,21.409769333481098
1.26,4.211,-0.00198,8.0,21.532490724454004
1.26,4.211,-0.00198,8.08,21.532490724454004
1.26,4.331,-0.00198,8.16,22.14609767931852
1.26,4.428,-0.00198,8.24,22.642096634500668
1.26,4.428,-0.00199,8.32,22.642096634500668
1.26,4.428,-0.00199,8.4,22.642096634500668
1.26,4.483,-0.00198,8.48,22.923333155480236
1.26,4.379,-0.00198,8.56,22.39154046126432
1.26,4.476,-0.00198,8.64,22.887539416446476
1.26,4.486,-0.00197,8.72,22.93867332935185
1.26,4.609,-0.00196,8.8,23.56762045808798
1.26,4.644,-0.00196,8.88,23.7465891532568
1.26,4.668,-0.00196,8.96,23.8693105442297
1.26,4.678,-0.00195,9.04,23.920444457135076
1.26,4.692,-0.00195,9.12,23.992031935202604
1.26,4.7,-0.00194,9.2,24.032939065526907
1.26,4.813,-0.00193,9.28,24.61075228135766
1.26,4.861,-0.00193,9.36,24.856195063303463
1.26,4.957,-0.00192,9.44,25.34708062719508
1.26,4.981,-0.00192,9.52,25.469802018167982
1.26,4.981,-0.00193,9.6,25.469802018167982
1.26,5.101,-0.00193,9.68,26.0834089730325
1.26,5.149,-0.00193,9.76,26.328851754978306
1.26,5.198,-0.00192,9.84,26.579407928214653
1.26,5.102,-0.00193,9.92,26.08852236432304
1.26,5.053,-0.00193,10.0,25.837966191086693
1.26,5.101,-0.00194,10.1,26.0834089730325
1.26,5.294,-0.00195,10.2,27.070293492106263
1.26,5.385,-0.00196,10.2,27.535612099545187
1.26,5.486,-0.00196,10.3,28.05206461988949
1.26,5.318,-0.00196,10.4,27.193014883079165
1.26,5.342,-0.00197,10.5,27.315736274052068
1.26,5.438,-0.00196,10.6,27.806621837943684
1.26,5.679,-0.00196,10.6,29.038949138963257
1.26,6.016,-0.00195,10.7,30.76216200387444
1.26,6.328,-0.00195,10.8,32.357540086522185
1.26,6.641,-0.00194,10.9,33.95803156046046
1.26,6.834,-0.00193,11.0,34.944916079534224
1.26,6.978,-0.00193,11.0,35.681244425371645
1.26,7.123,-0.00192,11.1,36.42268616249961
1.26,7.435,-0.00192,11.2,38.01806424514735
1.26,7.772,-0.00191,11.3,39.74127711005853
1.26,8.133,-0.0019,11.4,41.58721136594262
1.26,8.518,-0.0019,11.4,43.55586701279962
1.27,8.783,-0.00188,11.5,44.91091570479209
1.27,9.168,-0.00188,11.6,46.879571351649076
1.27,9.433,-0.00188,11.7,48.234620043641556
1.27,9.914,-0.00187,11.8,50.69416125439016
1.27,10.27,-0.00186,11.8,52.514528553821556
1.27,10.78,-0.00185,11.9,55.12235811199575
1.27,11.33,-0.00183,12.0,57.93472332179146
1.27,12.18,-0.00181,12.1,62.28110591874845
1.27,13.16,-0.00181,12.2,67.29222938347534
1.27,14.19,-0.00179,12.2,72.5590224127291
1.27,15.02,-0.00178,12.3,76.80313718387535
1.27,15.86,-0.00177,12.4,81.09838586792696
1.27,17.08,-0.00176,12.5,87.33672324238287
1.27,19.12,-0.00175,12.6,97.76804147507967
1.27,22.41,-0.00174,12.6,114.5910988209485
1.27,26.27,-0.00171,12.7,134.3287892024238
1.27,30.16,-0.0017,12.8,154.2198813226152
1.27,33.45,-0.00168,12.9,171.04293866848406
1.27,36.1,-0.00166,13.0,184.5934255884088
1.27,38.29,-0.00163,13.0,195.7917525146862
1.27,40.14,-0.00162,13.1,205.25152640218084
1.27,41.72,-0.00158,13.2,213.3306846412303
1.27,43.17,-0.00155,13.3,220.7451020125099
1.27,44.3,-0.00154,13.4,226.52323417081743
1.27,45.36,-0.00151,13.4,231.94342893878732
1.27,46.08,-0.00149,13.5,235.62507066797443
1.27,46.59,-0.00149,13.6,238.23290022614864
1.27,46.95,-0.00149,13.7,240.0737210907422
1.27,47.16,-0.00149,13.8,241.14753326175506
1.27,47.43,-0.0015,13.8,242.52814891020026
1.27,47.5,-0.00151,13.9,242.88608630053787
1.27,47.67,-0.00152,14.0,243.75536281992927
1.27,47.69,-0.00154,14.1,243.85763064574002
1.27,47.79,-0.00155,14.2,244.36896977479378
1.27,47.9,-0.00157,14.2,244.93144281675293
1.27,47.93,-0.00158,14.3,245.08484455546906
1.27,47.93,-0.00161,14.4,245.08484455546906
1.27,47.93,-0.00162,14.5,245.08484455546906
1.27,47.98,-0.00162,14.6,245.34051411999593
1.27,47.96,-0.00165,14.6,245.2382462941852
1.27,47.96,-0.00166,14.7,245.2382462941852
1.27,47.91,-0.00167,14.8,244.9825767296583
1.27,47.93,-0.00168,14.9,245.08484455546906
1.27,48.08,-0.00168,15.0,245.8518532490497
1.27,48.05,-0.00169,15.0,245.69845151033357
1.27,48.1,-0.00169,15.1,245.95412107486047
1.27,48.08,-0.00169,15.2,245.8518532490497
1.27,48.15,-0.00169,15.3,246.20979063938734
1.27,48.32,-0.0017,15.4,247.07906715877874
1.27,48.25,-0.0017,15.4,246.7211297684411
1.27,48.27,-0.00169,15.5,246.82339759425187
1.27,48.15,-0.00169,15.6,246.20979063938734
1.27,48.25,-0.00168,15.7,246.7211297684411
1.27,48.29,-0.00168,15.8,246.92566542006261
1.27,48.29,-0.00167,15.8,246.92566542006261
1.27,48.29,-0.00166,15.9,246.92566542006261
1.27,48.32,-0.00166,16.0,247.07906715877874
1.27,48.41,-0.00163,16.1,247.53927237492712
1.27,48.51,-0.00162,16.2,248.0506115039809
1.28,48.65,-0.00162,16.2,248.76648628465617
1.28,48.75,-0.00161,16.3,249.27782541370993
1.28,48.89,-0.00161,16.4,249.9937001943852
1.28,48.99,-0.00161,16.5,250.50503932343898
1.28,49.09,-0.00161,16.6,251.01637845249275
1.28,49.14,-0.00161,16.6,251.2720480170196
1.28,49.11,-0.00161,16.7,251.1186462783035
1.28,49.16,-0.0016,16.8,251.37431584283036
1.28,49.11,-0.0016,16.9,251.1186462783035
1.28,49.06,-0.0016,17.0,250.86297671377662
1.28,49.06,-0.0016,17.0,250.86297671377662
1.28,48.99,-0.0016,17.1,250.50503932343898
1.28,48.95,-0.0016,17.2,250.30050367181747
1.28,48.87,-0.00161,17.3,249.89143236857444
1.28,48.78,-0.00161,17.4,249.43122715242606
1.28,48.82,-0.00161,17.4,249.63576280404757
1.28,48.9,-0.00162,17.5,250.04483410729057
1.28,48.87,-0.00162,17.6,249.89143236857444
1.28,48.82,-0.00162,17.7,249.63576280404757
1.28,48.73,-0.00162,17.8,249.17555758789916
1.28,48.65,-0.00163,17.8,248.76648628465617
1.28,48.75,-0.00162,17.9,249.27782541370993
1.28,48.73,-0.00162,18.0,249.17555758789916
1.28,48.8,-0.00162,18.1,249.5334949782368
1.28,48.8,-0.00162,18.2,249.5334949782368
1.28,48.86,-0.00161,18.2,249.84029845566906
1.28,48.88,-0.00161,18.3,249.94256628147983
1.28,48.82,-0.0016,18.4,249.63576280404757
1.28,48.81,-0.00158,18.5,249.5846288911422
1.28,48.9,-0.00158,18.6,250.04483410729057
1.28,48.97,-0.00157,18.6,250.4027714976282
1.28,49.06,-0.00157,18.7,250.86297671377662
1.28,48.97,-0.00157,18.8,250.4027714976282
1.28,48.9,-0.00157,18.9,250.04483410729057
1.28,48.94,-0.00157,19.0,250.24936975891208
1.28,48.99,-0.00156,19.0,250.50503932343898
1.28,49.14,-0.00155,19.1,251.2720480170196
1.28,49.3,-0.00154,19.2,252.0901906235056
1.28,49.62,-0.00154,19.3,253.72647583647768
1.28,50.68,-0.0015,19.4,259.1466706044476
1.28,53.09,-0.00145,19.4,271.4699436146433
1.28,57.73,-0.00136,19.5,295.1960792027379
1.28,64.61,-0.00122,19.6,330.37621128163687
1.28,74.04,-0.00105,19.7,378.59549115140686
1.28,85.68,-0.000848,19.8,438.115365773265
1.28,99.51,-0.000588,19.8,508.83356732140055
1.28,115.1,-0.000295,19.9,588.5513375408823
1.28,131.9,4.87e-05,20.0,674.4563112219147
1.28,149.9,0.000422,20.1,766.4973544515922
1.28,168.8,0.000837,20.2,863.1404498427536
1.28,188.6,0.00129,20.2,964.3855973953988
1.28,210.6,0.00175,20.3,1076.880205787227
1.28,234.5,0.00224,20.4,1199.0902576310764
1.28,260.3,0.00274,20.5,1331.0157529269477
1.28,286.9,0.00325,20.6,1467.0319612552487
1.28,314.3,0.00378,20.6,1607.1388826159803
1.28,343.2,0.00432,20.7,1754.9158909125179
1.28,372.7,0.00487,20.8,1905.7609339833782
1.28,403.9,0.00544,20.9,2065.2987422481524
1.28,435.2,0.00603,21.0,2225.3478896419806
1.29,466.8,0.00662,21.0,2386.93105442297
1.29,498.2,0.00721,21.1,2547.491540945852
1.29,530.1,0.00781,21.2,2710.6087231140027
1.29,563.5,0.00844,21.3,2881.3959922179597
1.29,598.8,0.00907,21.4,3061.8987047739383
1.29,634.1,0.00971,21.4,3242.4014173299174
1.29,670.5,0.0104,21.5,3428.5288603054873
1.29,707.0,0.011,21.6,3615.167642410111
1.29,745.2,0.0117,21.7,3810.4991897086493
1.29,784.7,0.0124,21.7,4012.478145684886
1.29,824.5,0.0131,21.8,4215.9911190482835
1.29,864.6,0.0138,21.9,4421.038109798843
1.29,903.3,0.0145,22.0,4618.926352742649
1.29,942.3,0.0152,22.1,4818.348613073617
1.29,981.4,0.0159,22.1,5018.28221253364
1.29,1022.0,0.0167,22.2,5225.885898929468
1.29,1065.0,0.0174,22.3,5445.761724422586
1.29,1109.0,0.0182,22.4,5670.750941206243
1.29,1152.0,0.0189,22.5,5890.626766699361
1.29,1196.0,0.0196,22.5,6115.615983483017
1.29,1240.0,0.0204,22.6,6340.605200266673
1.29,1285.0,0.0211,22.7,6570.707808340867
1.29,1330.0,0.0219,22.8,6800.810416415061
1.29,1374.0,0.0226,22.9,7025.799633198717
1.29,1416.0,0.0234,22.9,7240.562067401298
1.29,1458.0,0.0241,23.0,7455.324501603878
1.29,1498.0,0.0248,23.1,7659.860153225384
1.29,1535.0,0.0255,23.2,7849.0556309752765
1.29,1561.0,0.0261,23.3,7982.003804529256
1.29,1578.0,0.0266,23.3,8068.9314564683955
1.29,1586.0,0.027,23.4,8109.838586792696
1.29,1592.0,0.0274,23.5,8140.518934535922
1.29,1596.0,0.0277,23.6,8160.972499698073
1.29,1599.0,0.0279,23.7,8176.312673569686
1.29,1602.0,0.0281,23.7,8191.652847441299
1.29,1604.0,0.0282,23.8,8201.879630022373
1.29,1607.0,0.0283,23.9,8217.219803893986
1.29,1609.0,0.0283,24.0,8227.446586475062
1.29,1611.0,0.0283,24.1,8237.673369056138
1.29,1613.0,0.0283,24.1,8247.900151637212
1.29,1616.0,0.0284,24.2,8263.240325508825
1.29,1618.0,0.0284,24.3,8273.4671080899
1.29,1621.0,0.0284,24.4,8288.807281961514
1.29,1624.0,0.0285,24.5,8304.147455833127
1.29,1627.0,0.0285,24.5,8319.48762970474
1.29,1631.0,0.0286,24.6,8339.94119486689
1.29,1636.0,0.0287,24.7,8365.508151319578
1.29,1643.0,0.0288,24.8,8401.301890353341
1.29,1655.0,0.0289,24.9,8462.662585839793
1.29,1670.0,0.029,24.9,8539.363455197858
1.29,1692.0,0.0293,25.0,8651.858063589687
1.29,1714.0,0.0295,25.1,8764.352671981515
1.29,1731.0,0.0297,25.2,8851.280323920655
1.29,1741.0,0.0298,25.3,8902.41423682603
1.29,1746.0,0.0301,25.3,8927.981193278718
1.29,1753.0,0.0303,25.4,8963.774932312483
1.29,1764.0,0.0305,25.5,9020.022236508396
1.29,1780.0,0.0308,25.6,9101.836497156999
1.29,1801.0,0.0311,25.7,9209.21771425829
1.29,1828.0,0.0314,25.7,9347.279279102806
1.3,1861.0,0.0318,25.8,9516.021191690546
1.3,1897.0,0.0321,25.9,9700.103278149902
1.3,1937.0,0.0326,26.0,9904.638929771409
1.3,1982.0,0.0332,26.1,10134.741537845603
1.3,2030.0,0.0338,26.1,10380.184319791408
1.3,2080.0,0.0345,26.2,10635.85388431829
1.3,2130.0,0.0352,26.3,10891.523448845172
1.3,2181.0,0.036,26.4,11152.306404662591
1.3,2234.0,0.0369,26.5,11423.316143061087
1.3,2287.0,0.0377,26.5,11694.325881459581
1.3,2341.0,0.0386,26.6,11970.449011148614
1.3,2393.0,0.0394,26.7,12236.34535825657
1.3,2443.0,0.0403,26.8,12492.014922783454
1.3,2493.0,0.0412,26.9,12747.684487310336
1.3,2545.0,0.0421,26.9,13013.580834418293
1.3,2598.0,0.043,27.0,13284.590572816787
1.3,2655.0,0.0439,27.1,13576.053876377433
1.3,2712.0,0.0448,27.2,13867.517179938079
1.3,2769.0,0.0458,27.3,14158.980483498724
1.3,2826.0,0.0467,27.3,14450.44378705937
1.3,2884.0,0.0476,27.4,14747.020481910553
1.3,2942.0,0.0486,27.5,15043.597176761736
1.3,3001.0,0.0496,27.6,15345.287262903457
1.3,3058.0,0.0505,27.7,15636.750566464101
1.3,3112.0,0.0515,27.7,15912.873696153134
1.3,3165.0,0.0524,27.8,16183.88343455163
1.3,3219.0,0.0534,27.9,16460.006564240663
1.3,3276.0,0.0543,28.0,16751.46986780131
1.3,3337.0,0.0553,28.1,17063.386736524102
1.3,3398.0,0.0563,28.1,17375.3036052469
1.3,3458.0,0.0572,28.2,17682.10708267916
1.3,3519.0,0.0582,28.3,17994.023951401952
1.3,3584.0,0.0592,28.4,18326.3943852869
1.3,3649.0,0.0603,28.5,18658.764819171847
1.3,3713.0,0.0613,28.5,18986.021861766258
1.3,3776.0,0.0623,28.6,19308.165513070126
1.3,3836.0,0.0634,28.7,19614.968990502384
1.3,3895.0,0.0644,28.8,19916.659076644108
1.3,3956.0,0.0655,28.9,20228.5759453669
1.3,4021.0,0.0665,28.9,20560.946379251847
1.3,4090.0,0.0676,29.0,20913.770378298945
1.3,4158.0,0.0687,29.1,21261.480986055507
1.3,4225.0,0.0698,29.2,21604.078202521527
1.3,4293.0,0.0709,29.3,21951.788810278085
1.3,4362.0,0.0719,29.3,22304.612809325183
1.3,4433.0,0.0731,29.4,22667.663590953358
1.3,4501.0,0.0742,29.5,23015.374198709917
1.3,4567.0,0.0753,29.6,23352.8580238854
1.3,4632.0,0.0765,29.7,23685.228457770347
1.3,4694.0,0.0776,29.7,24002.25871778368
1.3,4760.0,0.0787,29.8,24339.742542959164
1.3,4829.0,0.0798,29.9,24692.56654200626
1.3,4901.0,0.081,30.0,25060.730714924972
1.3,4973.0,0.0821,30.1,25428.894887843682
1.3,5042.0,0.0833,30.1,25781.71888689078
1.3,5113.0,0.0844,30.2,26144.76966851895
1.3,5186.0,0.0856,30.3,26518.0472327282
1.3,5258.0,0.0867,30.4,26886.21140564691
1.3,5330.0,0.0879,30.5,27254.375578565618
1.3,5399.0,0.0891,30.5,27607.199577612715
1.31,5466.0,0.0903,30.6,27949.79679407874
1.31,5531.0,0.0914,30.7,28282.167227963684
1.31,5598.0,0.0926,30.8,28624.764444429708
1.31,5671.0,0.0938,30.9,28998.042008638953
1.31,5746.0,0.095,30.9,29381.546355429276
1.31,5820.0,0.0961,31.0,29759.93731092906
1.31,5892.0,0.0973,31.1,30128.10148384777
1.31,5965.0,0.0985,31.2,30501.37904805702
1.31,6040.0,0.0997,31.3,30884.883394847344
1.31,6114.0,0.101,31.3,31263.27435034713
1.31,6187.0,0.102,31.4,31636.551914556378
1.31,6257.0,0.103,31.5,31994.48930489401
1.31,6324.0,0.105,31.6,32337.086521360034
1.31,6392.0,0.106,31.7,32684.797129116592
1.31,6461.0,0.107,31.7,33037.621128163686
1.31,6537.0,0.108,31.8,33426.23886624455
1.31,6613.0,0.109,31.9,33814.85660432541
1.31,6689.0,0.111,32.0,34203.47434240627
1.31,6764.0,0.112,32.1,34586.97868919659
1.31,6839.0,0.113,32.1,34970.483035986916
1.31,6916.0,0.114,32.2,35364.21416535832
1.31,6993.0,0.115,32.3,35757.94529472971
1.31,7068.0,0.117,32.4,36141.449641520034
1.31,7141.0,0.118,32.5,36514.72720572929
1.31,7210.0,0.119,32.5,36867.551204776384
1.31,7278.0,0.12,32.6,37215.26181253294
1.31,7350.0,0.122,32.7,37583.42598545165
1.31,7428.0,0.123,32.8,37982.270506113586
1.31,7508.0,0.124,32.9,38391.3418093566
1.31,7585.0,0.125,32.9,38785.07293872799
1.31,7662.0,0.127,33.0,39178.804068099394
1.31,7739.0,0.128,33.1,39572.535197470796
1.31,7818.0,0.129,33.2,39976.49310942327
1.31,7896.0,0.13,33.3,40375.3376300852
1.31,7973.0,0.132,33.3,40769.0687594566
1.31,8046.0,0.133,33.4,41142.34632366585
1.31,8118.0,0.134,33.5,41510.51049658456
1.31,8187.0,0.136,33.6,41863.33449563166
1.31,8262.0,0.137,33.7,42246.83884242198
1.31,8341.0,0.138,33.7,42650.79675437445
1.31,8421.0,0.139,33.8,43059.86805761747
1.31,8500.0,0.141,33.9,43463.82596956994
1.31,8577.0,0.142,34.0,43857.55709894133
1.31,8658.0,0.143,34.1,44271.74179347488
1.31,8740.0,0.145,34.1,44691.03987929897
1.31,8820.0,0.146,34.2,45100.11118254198
1.31,8899.0,0.147,34.3,45504.06909449446
1.31,8974.0,0.149,34.4,45887.57344128478
1.31,9045.0,0.15,34.5,46250.62422291295
1.31,9117.0,0.151,34.5,46618.78839583166
1.31,9192.0,0.152,34.6,47002.29274262198
1.31,9273.0,0.154,34.7,47416.47743715553
1.31,9356.0,0.155,34.8,47840.88891427016
1.31,9437.0,0.156,34.9,48255.07360880371
1.31,9516.0,0.158,34.9,48659.03152075618
1.31,9597.0,0.159,35.0,49073.21621528973
1.31,9677.0,0.16,35.1,49482.287518532736
1.31,9760.0,0.162,35.2,49906.69899564736
1.31,9838.0,0.163,35.3,50305.5435163093
1.31,9914.0,0.164,35.3,50694.16125439016
1.32,9986.0,0.166,35.4,51062.32542730887
1.32,10060.0,0.167,35.5,51440.716382808656
1.32,10140.0,0.168,35.6,51849.78768605166
1.32,10220.0,0.17,35.7,52258.85898929468
1.32,10300.0,0.171,35.7,52667.93029253769
1.32,10380.0,0.172,35.8,53077.0015957807
1.32,10460.0,0.174,35.9,53486.07289902371
1.32,10540.0,0.175,36.0,53895.14420226672
1.32,10630.0,0.176,36.1,54355.349418415106
1.32,10710.0,0.178,36.1,54764.42072165812
1.32,10790.0,0.179,36.2,55173.492024901134
1.32,10870.0,0.18,36.3,55582.56332814414
1.32,10940.0,0.182,36.4,55940.50071848178
1.32,11010.0,0.183,36.5,56298.43810881941
1.32,11090.0,0.184,36.5,56707.50941206242
1.32,11170.0,0.186,36.6,57116.580715305434
1.32,11260.0,0.187,36.7,57576.78593145382
1.32,11340.0,0.188,36.8,57985.857234696836
1.32,11420.0,0.19,36.9,58394.92853793984
1.32,11500.0,0.191,36.9,58803.99984118286
1.32,11590.0,0.192,37.0,59264.205057331244
1.32,11670.0,0.194,37.1,59673.27636057425
1.32,11750.0,0.195,37.2,60082.347663817265
1.32,11830.0,0.197,37.3,60491.41896706028
1.32,11900.0,0.198,37.3,60849.35635739791
1.32,11980.0,0.199,37.4,61258.427660640926
1.32,12060.0,0.201,37.5,61667.49896388393
1.32,12140.0,0.202,37.6,62076.57026712695
1.32,12230.0,0.203,37.7,62536.775483275334
1.32,12310.0,0.205,37.7,62945.84678651834
1.32,12390.0,0.206,37.8,63354.918089761355
1.32,12470.0,0.208,37.9,63763.98939300437
1.32,12560.0,0.209,38.0,64224.19460915276
1.32,12640.0,0.21,38.1,64633.265912395764
1.32,12720.0,0.212,38.1,65042.33721563878
1.32,12800.0,0.213,38.2,65451.408518881784
1.32,12870.0,0.214,38.3,65809.34590921942
1.32,12950.0,0.216,38.4,66218.41721246243
1.32,13030.0,0.217,38.5,66627.48851570544
1.32,13120.0,0.219,38.5,67087.69373185383
1.32,13200.0,0.22,38.6,67496.76503509685
1.32,13290.0,0.221,38.7,67956.97025124523
1.32,13370.0,0.223,38.8,68366.04155448824
1.32,13450.0,0.224,38.9,68775.11285773125
1.32,13540.0,0.226,38.9,69235.31807387964
1.32,13620.0,0.227,39.0,69644.38937712266
1.32,13710.0,0.228,39.1,70104.59459327105
1.32,13780.0,0.23,39.2,70462.53198360867
1.32,13860.0,0.231,39.3,70871.60328685168
1.32,13940.0,0.233,39.3,71280.6745900947
1.32,14020.0,0.234,39.4,71689.7458933377
1.32,14100.0,0.235,39.5,72098.81719658071
1.32,14190.0,0.237,39.6,72559.0224127291
1.32,14280.0,0.238,39.7,73019.22762887749
1.32,14360.0,0.24,39.7,73428.29893212051
1.32,14440.0,0.241,39.8,73837.37023536352
1.32,14530.0,0.242,39.9,74297.5754515119
1.32,14620.0,0.244,40.0,74757.78066766029
1.32,14700.0,0.245,40.1,75166.8519709033
1.32,14780.0,0.247,40.1,75575.92327414632
1.33,14860.0,0.248,40.2,75984.99457738933
1.33,14930.0,0.25,40.3,76342.93196772695
1.33,15020.0,0.251,40.4,76803.13718387534
1.33,15100.0,0.253,40.5,77212.20848711836
1.33,15190.0,0.254,40.5,77672.41370326675
1.33,15280.0,0.255,40.6,78132.61891941514
1.33,15360.0,0.257,40.7,78541.69022265814
1.33,15450.0,0.258,40.8,79001.89543880653
1.33,15530.0,0.26,40.9,79410.96674204954
1.33,15620.0,0.261,40.9,79871.17195819793
1.33,15700.0,0.263,41.0,80280.24326144095
1.33,15780.0,0.264,41.1,80689.31456468395
1.33,15860.0,0.266,41.2,81098.38586792696
1.33,15940.0,0.267,41.3,81507.45717116997
1.33,16020.0,0.268,41.3,81916.52847441299
1.33,16110.0,0.27,41.4,82376.73369056138
1.33,16200.0,0.271,41.5,82836.93890670977
1.33,16280.0,0.273,41.6,83246.01020995277
1.33,16370.0,0.274,41.7,83706.21542610116
1.33,16450.0,0.276,41.7,84115.28672934417
1.33,16540.0,0.277,41.8,84575.49194549255
1.33,16630.0,0.279,41.9,85035.69716164094
1.33,16710.0,0.28,42.0,85444.76846488396
1.33,16790.0,0.282,42.1,85853.83976812697
1.33,16870.0,0.283,42.1,86262.91107136998
1.33,16950.0,0.284,42.2,86671.98237461298
1.33,17030.0,0.286,42.3,87081.053677856
1.33,17120.0,0.287,42.4,87541.2588940044
1.33,17210.0,0.289,42.5,88001.46411015278
1.33,17290.0,0.29,42.5,88410.53541339579
1.33,17380.0,0.292,42.6,88870.74062954418
1.33,17470.0,0.293,42.7,89330.94584569256
1.33,17550.0,0.295,42.8,89740.01714893557
1.33,17640.0,0.296,42.9,90200.22236508396
1.33,17730.0,0.298,42.9,90660.42758123235
1.33,17810.0,0.299,43.0,91069.49888447537
1.33,17880.0,0.301,43.1,91427.436274813
1.33,17960.0,0.302,43.2,91836.50757805601
1.33,18040.0,0.304,43.3,92245.57888129902
1.33,18130.0,0.305,43.3,92705.78409744741
1.33,18220.0,0.307,43.4,93165.9893135958
1.33,18310.0,0.308,43.5,93626.19452974419
1.33,18400.0,0.309,43.6,94086.39974589257
1.33,18480.0,0.311,43.7,94495.47104913558
1.33,18570.0,0.312,43.7,94955.67626528397
1.33,18660.0,0.314,43.8,95415.88148143236
1.33,18740.0,0.316,43.9,95824.95278467536
1.33,18820.0,0.317,44.0,96234.02408791838
1.33,18900.0,0.319,44.1,96643.09539116139
1.33,18980.0,0.32,44.1,97052.1666944044
1.33,19060.0,0.322,44.2,97461.2379976474
1.33,19150.0,0.323,44.3,97921.44321379579
1.33,19240.0,0.325,44.4,98381.64842994418
1.33,19330.0,0.326,44.5,98841.85364609257
1.33,19410.0,0.328,44.5,99250.92494933559
1.33,19500.0,0.329,44.6,99711.13016548398
1.33,19590.0,0.331,44.7,100171.33538163237
1.33,19680.0,0.332,44.8,100631.54059778075
1.33,19760.0,0.334,44.9,101040.61190102376
1.33,19840.0,0.335,44.9,101449.68320426677
1.34,19920.0,0.337,45.0,101858.75450750979
1.34,20000.0,0.338,45.1,102267.8258107528
1.34,20080.0,0.34,45.2,102676.8971139958
1.34,20170.0,0.341,45.3,103137.10233014419
1.34,20260.0,0.343,45.3,103597.30754629258
1.34,20350.0,0.345,45.4,104057.51276244097
1.34,20430.0,0.346,45.5,104466.58406568397
1.34,20520.0,0.348,45.6,104926.78928183236
1.34,20600.0,0.349,45.7,105335.86058507538
1.34,20690.0,0.351,45.7,105796.06580122377
1.34,20780.0,0.352,45.8,106256.27101737216
1.34,20860.0,0.354,45.9,106665.34232061516
1.34,20930.0,0.356,46.0,107023.2797109528
1.34,21010.0,0.357,46.1,107432.35101419581
1.34,21100.0,0.359,46.1,107892.5562303442
1.34,21180.0,0.36,46.2,108301.6275335872
1.34,21270.0,0.362,46.3,108761.8327497356
1.34,21360.0,0.364,46.4,109222.03796588398
1.34,21440.0,0.365,46.5,109631.10926912699
1.34,21530.0,0.367,46.5,110091.31448527538
1.34,21620.0,0.368,46.6,110551.51970142376
1.34,21710.0,0.37,46.7,111011.72491757215
1.34,21790.0,0.372,46.8,111420.79622081517
1.34,21870.0,0.373,46.9,111829.86752405818
1.34,21940.0,0.375,46.9,112187.80491439582
1.34,22020.0,0.377,47.0,112596.87621763883
1.34,22100.0,0.378,47.1,113005.94752088183
1.34,22190.0,0.38,47.2,113466.15273703022
1.34,22280.0,0.382,47.3,113926.35795317861
1.34,22370.0,0.383,47.3,114386.563169327
1.34,22450.0,0.385,47.4,114795.63447257
1.34,22530.0,0.387,47.5,115204.70577581302
1.34,22620.0,0.388,47.6,115664.91099196141
1.34,22710.0,0.39,47.7,116125.1162081098
1.34,22790.0,0.392,47.7,116534.18751135281
1.34,22870.0,0.394,47.8,116943.25881459581
1.34,22940.0,0.396,47.9,117301.19620493345
1.34,23020.0,0.397,48.0,117710.26750817646
1.34,23100.0,0.399,48.1,118119.33881141947
1.34,23180.0,0.401,48.1,118528.41011466249
1.34,23270.0,0.403,48.2,118988.61533081088
1.34,23350.0,0.405,48.3,119397.68663405388
1.34,23430.0,0.407,48.4,119806.75793729689
1.34,23510.0,0.409,48.5,120215.82924053991
1.34,23590.0,0.41,48.5,120624.90054378292
1.34,23670.0,0.412,48.6,121033.97184702592
1.34,23750.0,0.414,48.7,121443.04315026895
1.34,23820.0,0.416,48.8,121800.98054060657
1.34,23890.0,0.418,48.9,122158.91793094421
1.34,23960.0,0.421,48.9,122516.85532128185
1.34,24030.0,0.423,49.0,122874.79271161948
1.34,24110.0,0.425,49.1,123283.8640148625
1.34,24190.0,0.427,49.2,123692.9353181055
1.34,24260.0,0.429,49.3,124050.87270844313
1.34,24330.0,0.431,49.3,124408.81009878077
1.34,24400.0,0.434,49.4,124766.74748911841
1.34,24460.0,0.436,49.5,125073.55096655067
1.34,24530.0,0.439,49.6,125431.4883568883
1.34,24580.0,0.442,49.7,125687.15792141519
1.34,24640.0,0.444,49.7,125993.96139884744
1.35,24680.0,0.447,49.8,126198.49705046894
1.35,24730.0,0.45,49.9,126454.16661499583
1.35,24770.0,0.454,50.0,126658.70226661733
1.35,24820.0,0.457,50.1,126914.37183114422
1.35,24850.0,0.461,50.1,127067.77356986035
1.35,24880.0,0.465,50.2,127221.17530857648
1.35,24900.0,0.469,50.3,127323.44313438723
1.35,24910.0,0.474,50.4,127374.57704729261
1.35,24910.0,0.479,50.5,127374.57704729261
1.35,24910.0,0.484,50.5,127374.57704729261
1.35,24900.0,0.49,50.6,127323.44313438723
1.35,24890.0,0.497,50.7,127272.30922148185
1.35,24870.0,0.504,50.8,127170.0413956711
1.35,24860.0,0.511,50.9,127118.90748276572
1.35,24850.0,0.518,50.9,127067.77356986035
1.35,24850.0,0.525,51.0,127067.77356986035
1.35,24850.0,0.533,51.1,127067.77356986035
1.35,24840.0,0.541,51.2,127016.63965695497
1.35,24840.0,0.548,51.3,127016.63965695497
1.35,24830.0,0.556,51.3,126965.50574404959
1.35,24840.0,0.564,51.4,127016.63965695497
1.35,24840.0,0.571,51.5,127016.63965695497
1.35,24830.0,0.579,51.6,126965.50574404959
1.35,24830.0,0.586,51.7,126965.50574404959
1.35,24830.0,0.594,51.7,126965.50574404959
1.35,24830.0,0.601,51.8,126965.50574404959
1.35,24830.0,0.608,51.9,126965.50574404959
1.35,24840.0,0.615,52.0,127016.63965695497
1.35,24850.0,0.622,52.1,127067.77356986035
1.35,24850.0,0.629,52.1,127067.77356986035
1.35,24860.0,0.636,52.2,127118.90748276572
1.35,24860.0,0.644,52.3,127118.90748276572
1.35,24870.0,0.651,52.4,127170.0413956711
1.35,24870.0,0.658,52.5,127170.0413956711
1.35,24870.0,0.666,52.5,127170.0413956711
1.35,24870.0,0.673,52.6,127170.0413956711
1.35,24870.0,0.681,52.7,127170.0413956711
1.35,24870.0,0.688,52.8,127170.0413956711
1.35,24880.0,0.695,52.9,127221.17530857648
1.35,24890.0,0.703,52.9,127272.30922148185
1.35,24890.0,0.71,53.0,127272.30922148185
1.35,24890.0,0.718,53.1,127272.30922148185
1.35,24900.0,0.725,53.2,127323.44313438723
1.35,24900.0,0.733,53.3,127323.44313438723
1.35,24900.0,0.741,53.3,127323.44313438723
1.35,24910.0,0.748,53.4,127374.57704729261
1.35,24910.0,0.756,53.5,127374.57704729261
1.35,24900.0,0.764,53.6,127323.44313438723
1.35,24900.0,0.771,53.7,127323.44313438723
1.35,24900.0,0.779,53.7,127323.44313438723
1.35,24910.0,0.787,53.8,127374.57704729261
1.35,24910.0,0.795,53.9,127374.57704729261
1.35,24920.0,0.803,54.0,127425.71096019798
1.35,24920.0,0.81,54.1,127425.71096019798
1.35,24920.0,0.818,54.1,127425.71096019798
1.35,24920.0,0.826,54.2,127425.71096019798
1.35,24920.0,0.834,54.3,127425.71096019798
1.35,24920.0,0.843,54.4,127425.71096019798
1.35,24920.0,0.851,54.5,127425.71096019798
1.36,24920.0,0.859,54.5,127425.71096019798
1.36,24910.0,0.868,54.6,127374.57704729261
1.36,24910.0,0.876,54.7,127374.57704729261
1.36,24910.0,0.884,54.8,127374.57704729261
1.36,24920.0,0.892,54.9,127425.71096019798
1.36,24920.0,0.901,54.9,127425.71096019798
1.36,24920.0,0.909,55.0,127425.71096019798
1.36,24920.0,0.917,55.2,127425.71096019798
1.36,24920.0,0.917,55.2,127425.71096019798
1.36,24920.0,0.917,55.3,127425.71096019798
1.36,24920.0,0.917,55.3,127425.71096019798
1.36,24920.0,0.917,55.4,127425.71096019798
1.36,24910.0,0.917,55.5,127374.57704729261
1.36,24910.0,0.917,55.6,127374.57704729261
1.36,24900.0,0.917,55.6,127323.44313438723
1.36,24910.0,0.917,55.7,127374.57704729261
1.36,24910.0,0.917,55.8,127374.57704729261
1.36,24910.0,0.917,55.9,127374.57704729261
1.36,24910.0,0.917,56.0,127374.57704729261
1.36,24900.0,0.917,56.0,127323.44313438723
1.36,24890.0,0.917,56.1,127272.30922148185
1.36,24880.0,0.917,56.2,127221.17530857648
1.36,24870.0,0.917,56.3,127170.0413956711
1.36,24850.0,0.917,56.4,127067.77356986035
1.36,24840.0,0.917,56.4,127016.63965695497
1.36,24830.0,0.917,56.5,126965.50574404959
1.36,24830.0,0.917,56.6,126965.50574404959
1.36,24830.0,0.917,56.7,126965.50574404959
1.36,24840.0,0.917,56.8,127016.63965695497
1.36,24850.0,0.917,56.8,127067.77356986035
1.36,24850.0,0.917,56.9,127067.77356986035
1.36,24860.0,0.917,57.0,127118.90748276572
1.36,24860.0,0.917,57.1,127118.90748276572
1.36,24870.0,0.917,57.2,127170.0413956711
1.36,24870.0,0.917,57.2,127170.0413956711
1.36,24880.0,0.917,57.3,127221.17530857648
1.36,24880.0,0.917,57.4,127221.17530857648
1.36,24880.0,0.917,57.5,127221.17530857648
1.36,24880.0,0.917,57.6,127221.17530857648
1.36,24890.0,0.917,57.6,127272.30922148185
1.36,24900.0,0.917,57.7,127323.44313438723
1.36,24910.0,0.917,57.8,127374.57704729261
1.36,24910.0,0.917,57.9,127374.57704729261
1.36,24910.0,0.917,57.9,127374.57704729261
1.36,24920.0,0.917,58.0,127425.71096019798
1.36,24930.0,0.917,58.1,127476.84487310336
1.36,24930.0,0.917,58.2,127476.84487310336
1.36,24930.0,0.917,58.3,127476.84487310336
1.36,24940.0,0.917,58.3,127527.97878600874
1.36,24940.0,0.917,58.4,127527.97878600874
1.36,24940.0,0.917,58.5,127527.97878600874
1.36,24940.0,0.917,58.6,127527.97878600874
1.36,24950.0,0.917,58.7,127579.1126989141
1.36,24960.0,0.917,58.7,127630.24661181949
1.36,24970.0,0.917,58.8,127681.38052472487
1.36,24970.0,0.917,58.9,127681.38052472487
1.36,24970.0,0.917,59.0,127681.38052472487
1.36,24980.0,0.917,59.1,127732.51443763023
1.36,24980.0,0.917,59.1,127732.51443763023
1.36,24990.0,0.917,59.2,127783.64835053562
1.36,24990.0,0.917,59.3,127783.64835053562
1.37,24980.0,0.917,59.4,127732.51443763023
1.37,24980.0,0.917,59.5,127732.51443763023
1.37,24990.0,0.917,59.5,127783.64835053562
1.37,25000.0,0.917,59.6,127834.782263441
1.37,25010.0,0.917,59.7,127885.91617634636
1.37,25010.0,0.917,59.8,127885.91617634636
1.37,25020.0,0.917,59.8,127937.05008925174
1.37,25020.0,0.917,59.9,127937.05008925174
1.37,25020.0,0.917,60.0,127937.05008925174
1.37,25030.0,0.917,60.1,127988.18400215713
1.37,25030.0,0.917,60.2,127988.18400215713
1.37,25030.0,0.917,60.2,127988.18400215713
1.37,25030.0,0.917,60.3,127988.18400215713
1.37,25030.0,0.917,60.4,127988.18400215713
1.37,25040.0,0.917,60.5,128039.3179150625
1.37,25050.0,0.917,60.6,128090.45182796787
1.37,25060.0,0.917,60.6,128141.58574087326
1.37,25060.0,0.917,60.7,128141.58574087326
1.37,25070.0,0.917,60.8,128192.71965377862
1.37,25070.0,0.917,60.9,128192.71965377862
1.37,25080.0,0.917,61.0,128243.853566684
1.37,25080.0,0.917,61.0,128243.853566684
1.37,25090.0,0.917,61.1,128294.98747958938
1.37,25090.0,0.917,61.2,128294.98747958938
1.37,25090.0,0.917,61.3,128294.98747958938
1.37,25090.0,0.917,61.4,128294.98747958938
1.37,25090.0,0.917,61.4,128294.98747958938
1.37,25100.0,0.917,61.5,128346.12139249475
1.37,25110.0,0.917,61.6,128397.25530540013
1.37,25120.0,0.917,61.7,128448.38921830551
1.37,25120.0,0.917,61.7,128448.38921830551
1.37,25130.0,0.917,61.8,128499.52313121088
1.37,25130.0,0.917,61.9,128499.52313121088
1.37,25140.0,0.917,62.0,128550.65704411626
1.37,25140.0,0.917,62.1,128550.65704411626
1.37,25150.0,0.917,62.1,128601.79095702163
1.37,25150.0,0.917,62.2,128601.79095702163
1.37,25150.0,0.917,62.3,128601.79095702163
1.37,25150.0,0.917,62.4,128601.79095702163
1.37,25160.0,0.917,62.5,128652.92486992701
1.37,25170.0,0.917,62.5,128704.05878283239
1.37,25170.0,0.917,62.6,128704.05878283239
1.37,25180.0,0.917,62.7,128755.19269573776
1.37,25180.0,0.917,62.8,128755.19269573776
1.37,25200.0,0.917,62.9,128857.46052154852
1.37,25200.0,0.917,62.9,128857.46052154852
1.37,25480.0,0.917,63.0,130289.21008289905
1.38,25520.0,0.917,63.1,130493.74573452056
1.38,25530.0,0.917,63.2,130544.87964742594
1.38,25540.0,0.917,63.3,130596.01356033131
1.38,25580.0,0.917,63.3,130800.54921195282
1.38,25610.0,0.917,63.4,130953.95095066895
1.38,25630.0,0.917,63.5,131056.2187764797
1.38,25660.0,0.917,63.6,131209.62051519583
1.38,25700.0,0.917,63.7,131414.15616681732
1.39,25730.0,0.917,63.7,131567.55790553347
1.39,25760.0,0.917,63.8,131720.95964424958
1.39,25800.0,0.917,63.9,131925.4952958711
1.39,25830.0,0.917,64.0,132078.89703458722
1.39,25860.0,0.917,64.1,132232.29877330337
1.39,25890.0,0.917,64.1,132385.70051201948
1.39,25930.0,0.917,64.2,132590.236163641
1.4,25960.0,0.917,64.3,132743.63790235712
1.4,25990.0,0.917,64.4,132897.03964107326
1.4,26010.0,0.917,64.5,132999.307466884
1.4,26040.0,0.917,64.5,133152.70920560014
1.4,26080.0,0.917,64.6,133357.24485722164
1.4,26100.0,0.917,64.7,133459.5126830324
1.4,26130.0,0.917,64.8,133612.91442174852
1.4,26160.0,0.917,64.9,133766.31616046466
1.41,26180.0,0.917,64.9,133868.5839862754
1.41,26210.0,0.917,65.0,134021.98572499154
1.41,26230.0,0.917,65.1,134124.2535508023
1.41,26250.0,0.917,65.2,134226.52137661303
1.41,26280.0,0.917,65.3,134379.92311532918
1.41,26310.0,0.917,65.3,134533.3248540453
1.41,26320.0,0.917,65.4,134584.45876695067
1.42,26350.0,0.917,65.5,134737.86050566682
1.42,26370.0,0.917,65.6,134840.12833147755
1.42,26380.0,0.917,65.6,134891.26224438293
1.42,26400.0,0.917,65.7,134993.5300701937
1.42,26420.0,0.917,65.8,135095.79789600443
1.42,26430.0,0.917,65.9,135146.9318089098
1.42,26450.0,0.917,66.0,135249.19963472057
1.42,26470.0,0.917,66.0,135351.46746053133
1.43,26480.0,0.917,66.1,135402.6013734367
1.43,26490.0,0.917,66.2,135453.73528634207
1.43,26510.0,0.917,66.3,135556.00311215283
1.43,26520.0,0.917,66.4,135607.1370250582
1.43,26530.0,0.917,66.4,135658.2709379636
1.43,26540.0,0.917,66.5,135709.40485086894
1.43,26550.0,0.917,66.6,135760.53876377433
1.44,26560.0,0.917,66.7,135811.6726766797
1.44,26570.0,0.917,66.8,135862.8065895851
1.44,26580.0,0.917,66.8,135913.94050249047
1.44,26590.0,0.917,66.9,135965.07441539585
1.44,26600.0,0.917,67.0,136016.2083283012
1.44,26600.0,0.917,67.1,136016.2083283012
1.44,26600.0,0.917,67.2,136016.2083283012
1.44,26610.0,0.917,67.2,136067.34224120658
1.45,26610.0,0.917,67.3,136067.34224120658
1.45,26620.0,0.917,67.4,136118.47615411197
1.45,26620.0,0.917,67.5,136118.47615411197
1.45,26620.0,0.917,67.6,136118.47615411197
1.45,26630.0,0.917,67.6,136169.61006701735
1.45,26630.0,0.917,67.7,136169.61006701735
1.45,26620.0,0.917,67.8,136118.47615411197
1.46,26630.0,0.917,67.9,136169.61006701735
1.46,26620.0,0.917,68.0,136118.47615411197
1.46,26620.0,0.917,68.0,136118.47615411197
1.46,26620.0,0.917,68.1,136118.47615411197
1.46,26620.0,0.917,68.2,136118.47615411197
1.46,26600.0,0.917,68.3,136016.2083283012
1.46,26600.0,0.917,68.4,136016.2083283012
1.46,26590.0,0.917,68.4,135965.07441539585
1.47,26590.0,0.917,68.5,135965.07441539585
1.47,26580.0,0.917,68.6,135913.94050249047
1.47,26570.0,0.917,68.7,135862.8065895851
1.47,26560.0,0.917,68.8,135811.6726766797
1.47,26550.0,0.917,68.8,135760.53876377433
1.47,26540.0,0.917,68.9,135709.40485086894
1.47,26520.0,0.917,69.0,135607.1370250582
1.48,26500.0,0.917,69.1,135504.86919924745
1.48,26490.0,0.917,69.2,135453.73528634207
1.48,26460.0,0.917,69.2,135300.33354762595
1.48,26450.0,0.917,69.3,135249.19963472057
1.48,26430.0,0.917,69.4,135146.9318089098
1.48,26400.0,0.917,69.5,134993.5300701937
1.48,26380.0,0.917,69.6,134891.26224438293
1.48,26360.0,0.917,69.6,134788.99441857217
1.49,26330.0,0.917,69.7,134635.59267985605
1.49,26310.0,0.917,69.8,134533.3248540453
1.49,26280.0,0.917,69.9,134379.92311532918
1.49,26240.0,0.917,70.0,134175.38746370765
1.49,26220.0,0.917,70.0,134073.11963789692
1.49,26180.0,0.917,70.1,133868.5839862754
1.49,26150.0,0.917,70.2,133715.18224755928
1.5,26120.0,0.917,70.3,133561.78050884313
1.5,26080.0,0.917,70.4,133357.24485722164
1.5,26040.0,0.917,70.4,133152.70920560014
1.5,26010.0,0.917,70.5,132999.307466884
1.5,25970.0,0.917,70.6,132794.7718152625
1.5,25930.0,0.917,70.7,132590.236163641
1.5,25900.0,0.917,70.7,132436.83442492486
1.5,25860.0,0.917,70.8,132232.29877330337
1.51,25810.0,0.917,70.9,131976.6292087765
1.51,25770.0,0.917,71.0,131772.09355715496
1.51,25730.0,0.917,71.1,131567.55790553347
1.51,25690.0,0.917,71.1,131363.02225391197
1.51,25650.0,0.917,71.2,131158.48660229045
1.51,25610.0,0.917,71.3,130953.95095066895
1.51,25560.0,0.917,71.4,130698.28138614207
1.52,25520.0,0.917,71.5,130493.74573452056
1.52,25480.0,0.917,71.5,130289.21008289905
1.52,25450.0,0.917,71.6,130135.80834418292
1.52,25430.0,0.917,71.7,130033.54051837217
1.52,25400.0,0.917,71.8,129880.13877965604
1.52,25370.0,0.917,71.9,129726.73704093992
1.52,25330.0,0.917,71.9,129522.2013893184
1.52,25280.0,0.917,72.0,129266.53182479153
1.53,25230.0,0.917,72.1,129010.86226026465
1.53,25190.0,0.917,72.2,128806.32660864314
1.53,25140.0,0.917,72.3,128550.65704411626
1.53,25100.0,0.917,72.3,128346.12139249475
1.53,25050.0,0.917,72.4,128090.45182796787
1.53,25000.0,0.917,72.5,127834.782263441
1.53,24960.0,0.917,72.6,127630.24661181949
1.54,24910.0,0.917,72.7,127374.57704729261
1.54,24860.0,0.917,72.7,127118.90748276572
1.54,24810.0,0.917,72.8,126863.23791823884
1.54,24770.0,0.917,72.9,126658.70226661733
1.54,24720.0,0.917,73.0,126403.03270209045
1.54,24670.0,0.917,73.1,126147.36313756357
1.54,24620.0,0.917,73.1,125891.69357303668
1.54,24570.0,0.917,73.2,125636.0240085098
1.55,24520.0,0.917,73.3,125380.35444398293
1.55,24470.0,0.917,73.4,125124.68487945604
1.55,24420.0,0.917,73.5,124869.01531492916
1.55,24370.0,0.917,73.5,124613.34575040228
1.55,24320.0,0.917,73.6,124357.67618587539
1.55,24270.0,0.917,73.7,124102.00662134851
1.55,24220.0,0.917,73.8,123846.33705682163
1.56,24170.0,0.917,73.9,123590.66749229474
1.56,24110.0,0.917,73.9,123283.8640148625
1.56,24060.0,0.917,74.0,123028.1944503356
1.56,24010.0,0.917,74.1,122772.52488580873
1.56,23960.0,0.917,74.2,122516.85532128185
1.56,23900.0,0.917,74.3,122210.0518438496
1.56,23850.0,0.917,74.3,121954.3822793227
1.56,23800.0,0.917,74.4,121698.71271479582
1.57,23740.0,0.917,74.5,121391.90923736356
1.57,23690.0,0.917,74.6,121136.23967283669
1.57,23640.0,0.917,74.7,120880.5701083098
1.57,23580.0,0.917,74.7,120573.76663087754
1.57,23520.0,0.917,74.8,120266.96315344528
1.57,23470.0,0.917,74.9,120011.2935889184
1.57,23410.0,0.917,75.0,119704.49011148614
1.58,23360.0,0.917,75.1,119448.82054695926
1.58,23300.0,0.917,75.1,119142.017069527
1.58,23240.0,0.917,75.2,118835.21359209475
1.58,23190.0,0.917,75.3,118579.54402756786
1.58,23130.0,0.917,75.4,118272.7405501356
1.58,23070.0,0.917,75.5,117965.93707270335
1.58,23010.0,0.917,75.5,117659.1335952711
1.58,22950.0,0.917,75.6,117352.33011783884
1.59,22890.0,0.917,75.7,117045.52664040658
1.59,22830.0,0.917,75.8,116738.72316297432
1.59,22770.0,0.917,75.8,116431.91968554206
1.59,22710.0,0.917,75.9,116125.1162081098
1.59,22660.0,0.917,76.0,115869.44664358291
1.59,22600.0,0.917,76.1,115562.64316615065
1.59,22530.0,0.917,76.2,115204.70577581302
1.6,22470.0,0.917,76.2,114897.90229838077
1.6,22410.0,0.917,76.3,114591.09882094851
1.6,22340.0,0.917,76.4,114233.16143061087
1.6,22280.0,0.917,76.5,113926.35795317861
1.6,22220.0,0.917,76.6,113619.55447574635
1.6,22150.0,0.917,76.6,113261.61708540871
1.6,22090.0,0.917,76.7,112954.81360797645
1.6,22020.0,0.917,76.8,112596.87621763883
1.61,21960.0,0.917,76.9,112290.07274020657
1.61,21890.0,0.917,77.0,111932.13534986893
1.61,21830.0,0.917,77.0,111625.33187243667
1.61,21760.0,0.917,77.1,111267.39448209904
1.61,21690.0,0.917,77.2,110909.4570917614
1.61,21630.0,0.917,77.3,110602.65361432915
1.61,21560.0,0.917,77.4,110244.7162239915
1.61,21490.0,0.917,77.4,109886.77883365388
1.62,21420.0,0.917,77.5,109528.84144331624
1.62,21350.0,0.917,77.6,109170.9040529786
1.62,21280.0,0.917,77.7,108812.96666264097
1.62,21210.0,0.917,77.8,108455.02927230333
1.62,21140.0,0.917,77.8,108097.0918819657
1.62,21070.0,0.917,77.9,107739.15449162807
1.62,21000.0,0.917,78.0,107381.21710129043
1.63,20930.0,0.917,78.1,107023.2797109528
1.63,20860.0,0.917,78.2,106665.34232061516
1.63,20780.0,0.917,78.2,106256.27101737216
1.63,20710.0,0.917,78.3,105898.33362703452
1.63,20640.0,0.917,78.4,105540.39623669688
1.63,20560.0,0.917,78.5,105131.32493345387
1.63,20490.0,0.917,78.6,104773.38754311623
1.63,20410.0,0.917,78.6,104364.31623987322
1.64,20340.0,0.917,78.7,104006.37884953558
1.64,20260.0,0.917,78.8,103597.30754629258
1.64,20180.0,0.917,78.9,103188.23624304957
1.64,20100.0,0.917,79.0,102779.16493980655
1.64,20020.0,0.917,79.0,102370.09363656354
1.64,19950.0,0.917,79.1,102012.15624622592
1.64,19870.0,0.917,79.2,101603.0849429829
1.65,19790.0,0.917,79.3,101194.01363973989
1.65,19710.0,0.917,79.4,100784.94233649688
1.65,19620.0,0.917,79.4,100324.7371203485
1.65,19540.0,0.917,79.5,99915.66581710547
1.65,19450.0,0.917,79.6,99455.46060095709
1.65,19360.0,0.917,79.7,98995.2553848087
1.66,2992.0,0.917,79.8,15299.266741288619
