Position (in),Force (lbf),Strain (%),Time (sec)
0.0120,-1.083,0.00339,0.00100
0.0120,-0.2542,0.00339,0.0734
0.0120,0.8506,0.00339,0.146
0.0120,-0.7506,0.00340,0.218
0.0120,-0.7016,0.00340,0.290
0.0120,3.192,0.00340,0.363
0.0120,0.3998,0.00340,0.435
0.0120,1.456,0.00341,0.508
0.0121,2.027,0.00341,0.580
0.0122,1.153,0.00341,0.652
0.0124,0.4578,0.00341,0.725
0.0126,0.5249,0.00342,0.797
0.0128,0.2664,0.00342,0.869
0.0129,1.577,0.00342,0.942
0.0131,-0.09833,0.00342,1.01
0.0133,0.3118,0.00341,1.09
0.0134,2.016,0.00342,1.16
0.0136,0.2493,0.00343,1.23
0.0138,1.076,0.00343,1.30
0.0139,0.4292,0.00343,1.38
0.0140,1.309,0.00343,1.45
0.0142,-1.233,0.00343,1.52
0.0143,3.224,0.00343,1.59
0.0145,1.691,0.00345,1.67
0.0147,1.631,0.00345,1.74
0.0148,0.4331,0.00345,1.81
0.0150,1.564,0.00346,1.88
0.0151,-0.1967,0.00347,1.95
0.0153,-0.002321,0.00346,2.03
0.0154,2.369,0.00347,2.10
0.0156,2.700,0.00347,2.17
0.0158,2.124,0.00348,2.24
0.0159,0.5534,0.00348,2.32
0.0160,3.065,0.00348,2.39
0.0162,2.610,0.00348,2.46
0.0164,1.159,0.00348,2.53
0.0165,2.460,0.00348,2.61
0.0167,2.817,0.00350,2.68
0.0168,0.7861,0.00350,2.75
0.0170,0.1444,0.00350,2.82
0.0171,2.130,0.00350,2.90
0.0173,0.1444,0.00350,2.97
0.0175,0.6128,0.00350,3.04
0.0176,2.262,0.00350,3.11
0.0178,2.493,0.00350,3.19
0.0179,3.177,0.00350,3.26
0.0180,1.333,0.00350,3.33
0.0182,1.789,0.00350,3.40
0.0184,4.981,0.00350,3.47
0.0185,0.8819,0.00350,3.55
0.0187,1.035,0.00351,3.62
0.0188,2.173,0.00351,3.69
0.0190,3.056,0.00352,3.76
0.0191,-0.6764,0.00352,3.84
0.0193,3.056,0.00353,3.91
0.0195,1.032,0.00354,3.98
0.0196,1.355,0.00354,4.05
0.0198,1.585,0.00355,4.13
0.0199,1.634,0.00355,4.20
0.0200,1.743,0.00356,4.27
0.0202,1.336,0.00357,4.34
0.0204,2.451,0.00357,4.42
0.0205,2.261,0.00358,4.49
0.0207,1.441,0.00359,4.56
0.0208,2.237,0.00359,4.63
0.0210,2.410,0.00359,4.70
0.0211,1.850,0.00359,4.78
0.0213,1.406,0.00360,4.85
0.0214,4.527,0.00360,4.92
0.0216,1.780,0.00360,4.99
0.0218,1.940,0.00361,5.07
0.0219,2.992,0.00361,5.14
0.0220,2.623,0.00361,5.21
0.0222,3.133,0.00361,5.28
0.0223,3.071,0.00361,5.36
0.0225,3.658,0.00362,5.43
0.0227,3.032,0.00362,5.50
0.0228,3.561,0.00362,5.57
0.0230,3.485,0.00362,5.65
0.0231,3.712,0.00363,5.72
0.0233,3.868,0.00363,5.79
0.0234,2.670,0.00364,5.86
0.0236,3.558,0.00364,5.93
0.0238,2.600,0.00364,6.01
0.0239,1.350,0.00367,6.08
0.0240,3.788,0.00366,6.15
0.0242,3.869,0.00367,6.22
0.0243,2.951,0.00367,6.30
0.0245,4.288,0.00367,6.37
0.0247,2.920,0.00368,6.44
0.0248,2.404,0.00371,6.51
0.0249,4.012,0.00371,6.59
0.0251,3.221,0.00372,6.66
0.0253,3.219,0.00372,6.73
0.0254,4.959,0.00372,6.80
0.0256,4.035,0.00373,6.88
0.0257,4.553,0.00374,6.95
0.0259,3.617,0.00374,7.02
0.0260,3.682,0.00375,7.09
0.0262,4.522,0.00376,7.17
0.0263,5.005,0.00377,7.24
0.0265,3.658,0.00377,7.31
0.0266,3.946,0.00378,7.38
0.0268,3.850,0.00379,7.45
0.0269,4.840,0.00380,7.53
0.0271,4.936,0.00381,7.60
0.0272,3.980,0.00382,7.67
0.0274,4.615,0.00383,7.74
0.0276,3.509,0.00384,7.82
0.0277,3.634,0.00386,7.89
0.0279,5.430,0.00386,7.96
0.0280,4.810,0.00386,8.03
0.0281,4.858,0.00386,8.11
0.0283,4.839,0.00387,8.18
0.0285,4.605,0.00387,8.25
0.0286,4.066,0.00388,8.32
0.0287,6.096,0.00389,8.40
0.0289,5.380,0.00391,8.47
0.0291,5.829,0.00392,8.54
0.0292,6.705,0.00393,8.61
0.0294,11.16,0.00394,8.68
0.0295,13.10,0.00400,8.76
0.0297,20.76,0.00406,8.83
0.0298,32.02,0.00415,8.90
0.0300,41.66,0.00427,8.97
0.0301,55.18,0.00442,9.05
0.0303,71.44,0.00461,9.12
0.0304,87.88,0.00484,9.19
0.0306,109.9,0.00510,9.26
0.0307,131.0,0.00539,9.34
0.0309,152.2,0.00573,9.41
0.0310,180.6,0.00610,9.48
0.0312,209.1,0.00649,9.55
0.0313,236.8,0.00689,9.63
0.0315,268.8,0.00731,9.70
0.0317,293.3,0.00774,9.77
0.0318,322.5,0.00817,9.84
0.0319,352.9,0.00859,9.92
0.0321,381.9,0.00903,9.99
0.0322,414.3,0.00947,10.1
0.0324,450.6,0.00993,10.1
0.0326,485.9,0.0104,10.2
0.0327,521.0,0.0109,10.3
0.0328,557.9,0.0114,10.3
0.0330,598.7,0.0119,10.4
0.0332,628.3,0.0124,10.5
0.0333,647.6,0.0130,10.6
0.0335,667.4,0.0136,10.6
0.0336,690.5,0.0142,10.7
0.0338,730.6,0.0148,10.8
0.0339,770.6,0.0155,10.9
0.0340,810.4,0.0161,10.9
0.0342,850.9,0.0168,11.0
0.0344,892.9,0.0175,11.1
0.0345,935.8,0.0182,11.1
0.0347,980.2,0.0189,11.2
0.0348,1025,0.0197,11.3
0.0350,1070,0.0204,11.4
0.0351,1116,0.0212,11.4
0.0353,1162,0.0219,11.5
0.0354,1208,0.0227,11.6
0.0356,1254,0.0235,11.7
0.0358,1299,0.0242,11.7
0.0359,1343,0.0250,11.8
0.0360,1384,0.0258,11.9
0.0362,1424,0.0265,11.9
0.0363,1457,0.0271,12.0
0.0365,1482,0.0277,12.1
0.0367,1498,0.0282,12.2
0.0368,1507,0.0286,12.2
0.0370,1513,0.0290,12.3
0.0371,1518,0.0293,12.4
0.0373,1522,0.0295,12.4
0.0374,1525,0.0297,12.5
0.0376,1527,0.0298,12.6
0.0378,1529,0.0299,12.7
0.0379,1531,0.0299,12.7
0.0380,1533,0.0300,12.8
0.0382,1534,0.0300,12.9
0.0383,1536,0.0300,13.0
0.0385,1538,0.0300,13.0
0.0386,1539,0.0300,13.1
0.0388,1541,0.0301,13.2
0.0389,1543,0.0301,13.2
0.0391,1546,0.0301,13.3
0.0392,1549,0.0301,13.4
0.0394,1554,0.0302,13.5
0.0396,1561,0.0303,13.5
0.0397,1572,0.0304,13.6
0.0399,1586,0.0305,13.7
0.0400,1604,0.0307,13.8
0.0401,1627,0.0309,13.8
0.0403,1656,0.0312,13.9
0.0405,1682,0.0315,14.0
0.0406,1701,0.0317,14.0
0.0407,1711,0.0320,14.1
0.0409,1717,0.0323,14.2
0.0411,1726,0.0326,14.3
0.0412,1738,0.0329,14.3
0.0414,1755,0.0332,14.4
0.0415,1776,0.0335,14.5
0.0417,1803,0.0339,14.5
0.0418,1834,0.0343,14.6
0.0420,1869,0.0346,14.7
0.0421,1906,0.0351,14.8
0.0422,1946,0.0356,14.8
0.0424,1989,0.0362,14.9
0.0426,2035,0.0369,15.0
0.0427,2084,0.0376,15.1
0.0428,2133,0.0383,15.1
0.0430,2182,0.0391,15.2
0.0432,2233,0.0399,15.3
0.0433,2284,0.0407,15.3
0.0435,2336,0.0416,15.4
0.0436,2387,0.0424,15.5
0.0438,2437,0.0433,15.6
0.0439,2484,0.0441,15.6
0.0441,2532,0.0450,15.7
0.0442,2579,0.0458,15.8
0.0444,2629,0.0467,15.8
0.0445,2681,0.0476,15.9
0.0447,2734,0.0484,16.0
0.0448,2787,0.0493,16.1
0.0450,2840,0.0502,16.1
0.0451,2893,0.0511,16.2
0.0453,2948,0.0519,16.3
0.0454,3003,0.0528,16.4
0.0456,3058,0.0538,16.4
0.0458,3111,0.0547,16.5
0.0459,3162,0.0556,16.6
0.0460,3212,0.0565,16.6
0.0462,3263,0.0574,16.7
0.0463,3317,0.0583,16.8
0.0465,3373,0.0592,16.9
0.0466,3432,0.0602,16.9
0.0468,3492,0.0611,17.0
0.0469,3552,0.0621,17.1
0.0471,3612,0.0631,17.2
0.0473,3674,0.0640,17.2
0.0474,3735,0.0650,17.3
0.0476,3796,0.0661,17.4
0.0477,3854,0.0671,17.4
0.0479,3910,0.0681,17.5
0.0480,3965,0.0691,17.6
0.0481,4021,0.0701,17.7
0.0483,4078,0.0711,17.7
0.0485,4140,0.0721,17.8
0.0486,4203,0.0732,17.9
0.0487,4267,0.0742,17.9
0.0489,4330,0.0753,18.0
0.0491,4392,0.0763,18.1
0.0492,4457,0.0774,18.2
0.0494,4521,0.0784,18.2
0.0495,4585,0.0795,18.3
0.0497,4647,0.0806,18.4
0.0498,4708,0.0817,18.5
0.0500,4766,0.0827,18.5
0.0501,4824,0.0838,18.6
0.0503,4883,0.0849,18.7
0.0504,4946,0.0859,18.7
0.0506,5011,0.0870,18.8
0.0507,5077,0.0881,18.9
0.0509,5141,0.0892,19.0
0.0510,5206,0.0902,19.0
0.0512,5271,0.0913,19.1
0.0513,5338,0.0924,19.2
0.0515,5405,0.0935,19.3
0.0517,5469,0.0947,19.3
0.0518,5533,0.0958,19.4
0.0519,5594,0.0969,19.5
0.0521,5655,0.0980,19.5
0.0522,5717,0.0991,19.6
0.0524,5783,0.100,19.7
0.0526,5851,0.101,19.8
0.0527,5921,0.103,19.8
0.0528,5989,0.104,19.9
0.0530,6055,0.105,20.0
0.0532,6124,0.106,20.0
0.0533,6194,0.107,20.1
0.0535,6263,0.108,20.2
0.0536,6330,0.109,20.3
0.0538,6394,0.111,20.3
0.0539,6456,0.112,20.4
0.0540,6517,0.113,20.5
0.0542,6579,0.114,20.6
0.0543,6646,0.115,20.6
0.0545,6715,0.116,20.7
0.0547,6787,0.118,20.8
0.0548,6856,0.119,20.8
0.0549,6926,0.120,20.9
0.0551,6997,0.121,21.0
0.0553,7068,0.122,21.1
0.0554,7139,0.123,21.1
0.0556,7209,0.125,21.2
0.0557,7277,0.126,21.3
0.0559,7342,0.127,21.3
0.0560,7405,0.128,21.4
0.0561,7470,0.129,21.5
0.0563,7538,0.131,21.6
0.0565,7610,0.132,21.6
0.0566,7684,0.133,21.7
0.0568,7757,0.134,21.8
0.0569,7828,0.135,21.9
0.0571,7900,0.137,21.9
0.0572,7973,0.138,22.0
0.0574,8046,0.139,22.1
0.0576,8118,0.140,22.1
0.0577,8186,0.142,22.2
0.0578,8252,0.143,22.3
0.0580,8317,0.144,22.4
0.0581,8381,0.145,22.4
0.0583,8449,0.147,22.5
0.0584,8522,0.148,22.6
0.0586,8597,0.149,22.7
0.0587,8672,0.150,22.7
0.0589,8745,0.151,22.8
0.0590,8818,0.153,22.9
0.0592,8893,0.154,22.9
0.0593,8966,0.155,23.0
0.0595,9040,0.156,23.1
0.0597,9111,0.158,23.2
0.0598,9179,0.159,23.2
0.0599,9246,0.160,23.3
0.0601,9312,0.162,23.4
0.0602,9381,0.163,23.4
0.0604,9454,0.164,23.5
0.0606,9531,0.165,23.6
0.0607,9606,0.167,23.7
0.0608,9680,0.168,23.7
0.0610,9754,0.169,23.8
0.0612,9829,0.170,23.9
0.0613,9905,0.172,24.0
0.0615,9980,0.173,24.0
0.0616,10050,0.174,24.1
0.0618,10120,0.175,24.2
0.0619,10190,0.177,24.2
0.0621,10260,0.178,24.3
0.0622,10320,0.179,24.4
0.0623,10400,0.180,24.5
0.0625,10470,0.182,24.5
0.0627,10550,0.183,24.6
0.0628,10630,0.184,24.7
0.0629,10700,0.186,24.7
0.0631,10780,0.187,24.8
0.0633,10850,0.188,24.9
0.0634,10930,0.189,25.0
0.0636,11000,0.191,25.0
0.0637,11070,0.192,25.1
0.0639,11140,0.193,25.2
0.0640,11200,0.195,25.3
0.0642,11270,0.196,25.3
0.0643,11350,0.197,25.4
0.0645,11420,0.198,25.5
0.0646,11500,0.200,25.5
0.0648,11580,0.201,25.6
0.0649,11650,0.202,25.7
0.0651,11730,0.203,25.8
0.0652,11800,0.205,25.8
0.0654,11880,0.206,25.9
0.0656,11960,0.207,26.0
0.0657,12030,0.209,26.1
0.0658,12100,0.210,26.1
0.0660,12170,0.211,26.2
0.0661,12230,0.213,26.3
0.0663,12310,0.214,26.3
0.0664,12380,0.215,26.4
0.0666,12460,0.216,26.5
0.0667,12540,0.218,26.6
0.0669,12620,0.219,26.6
0.0670,12690,0.220,26.7
0.0672,12770,0.222,26.8
0.0673,12850,0.223,26.8
0.0675,12930,0.224,26.9
0.0677,13000,0.226,27.0
0.0678,13070,0.227,27.1
0.0679,13140,0.228,27.1
0.0681,13210,0.230,27.2
0.0683,13280,0.231,27.3
0.0684,13350,0.232,27.4
0.0686,13430,0.234,27.4
0.0687,13500,0.235,27.5
0.0688,13570,0.236,27.6
0.0690,13640,0.237,27.6
0.0692,13720,0.239,27.7
0.0693,13800,0.240,27.8
0.0695,13880,0.241,27.9
0.0696,13950,0.242,27.9
0.0698,14020,0.244,28.0
0.0699,14090,0.245,28.1
0.0700,14160,0.246,28.2
0.0702,14230,0.248,28.2
0.0703,14300,0.249,28.3
0.0705,14380,0.250,28.4
0.0707,14460,0.252,28.4
0.0708,14540,0.253,28.5
0.0709,14620,0.254,28.6
0.0711,14700,0.256,28.7
0.0713,14780,0.257,28.7
0.0714,14850,0.258,28.8
0.0716,14930,0.260,28.9
0.0717,15000,0.261,28.9
0.0719,15070,0.262,29.0
0.0720,15140,0.264,29.1
0.0722,15210,0.265,29.2
0.0723,15290,0.266,29.2
0.0725,15360,0.268,29.3
0.0726,15440,0.269,29.4
0.0728,15520,0.270,29.5
0.0729,15600,0.272,29.5
0.0731,15680,0.273,29.6
0.0732,15760,0.274,29.7
0.0734,15840,0.276,29.7
0.0736,15910,0.277,29.8
0.0737,15990,0.278,29.9
0.0738,16060,0.280,30.0
0.0740,16130,0.281,30.0
0.0741,16200,0.282,30.1
0.0743,16270,0.284,30.2
0.0744,16350,0.285,30.2
0.0746,16430,0.286,30.3
0.0747,16510,0.288,30.4
0.0749,16590,0.289,30.5
0.0750,16660,0.290,30.5
0.0752,16740,0.292,30.6
0.0753,16820,0.293,30.7
0.0755,16900,0.294,30.8
0.0757,16980,0.296,30.8
0.0758,17050,0.297,30.9
0.0759,17120,0.299,31.0
0.0761,17190,0.300,31.0
0.0762,17260,0.301,31.1
0.0764,17340,0.303,31.2
0.0766,17430,0.304,31.3
0.0767,17510,0.305,31.3
0.0768,17590,0.307,31.4
0.0770,17660,0.308,31.5
0.0772,17750,0.310,31.6
0.0773,17830,0.311,31.6
0.0775,17900,0.312,31.7
0.0776,17980,0.314,31.8
0.0778,18050,0.315,31.8
0.0779,18120,0.317,31.9
0.0780,18190,0.318,32.0
0.0782,18270,0.319,32.1
0.0783,18340,0.321,32.1
0.0785,18430,0.322,32.2
0.0787,18510,0.323,32.3
0.0788,18580,0.325,32.3
0.0789,18660,0.326,32.4
0.0791,18740,0.328,32.5
0.0793,18820,0.329,32.6
0.0794,18900,0.330,32.6
0.0796,18980,0.332,32.7
0.0797,19050,0.333,32.8
0.0799,19130,0.335,32.9
0.0800,19190,0.336,32.9
0.0801,19270,0.338,33.0
0.0803,19340,0.339,33.1
0.0805,19420,0.340,33.1
0.0806,19500,0.342,33.2
0.0808,19580,0.343,33.3
0.0809,19660,0.345,33.4
0.0811,19740,0.346,33.4
0.0812,19820,0.347,33.5
0.0814,19900,0.349,33.6
0.0816,19980,0.350,33.7
0.0817,20060,0.352,33.7
0.0818,20130,0.353,33.8
0.0820,20200,0.355,33.9
0.0821,20270,0.356,33.9
0.0823,20340,0.358,34.0
0.0824,20420,0.359,34.1
0.0826,20500,0.361,34.2
0.0827,20580,0.362,34.2
0.0829,20660,0.364,34.3
0.0830,20740,0.365,34.4
0.0832,20820,0.367,34.4
0.0833,20900,0.368,34.5
0.0835,20980,0.369,34.6
0.0837,21050,0.371,34.7
0.0838,21120,0.373,34.7
0.0839,21190,0.374,34.8
0.0841,21260,0.376,34.9
0.0842,21330,0.377,35.0
0.0844,21410,0.379,35.0
0.0846,21490,0.380,35.1
0.0847,21570,0.382,35.2
0.0848,21650,0.383,35.2
0.0850,21720,0.385,35.3
0.0852,21800,0.386,35.4
0.0853,21880,0.388,35.5
0.0855,21960,0.389,35.5
0.0856,22030,0.391,35.6
0.0858,22100,0.393,35.7
0.0859,22170,0.394,35.7
0.0860,22240,0.396,35.8
0.0862,22310,0.398,35.9
0.0863,22380,0.399,36.0
0.0865,22460,0.401,36.0
0.0867,22540,0.403,36.1
0.0868,22610,0.404,36.2
0.0869,22690,0.406,36.3
0.0871,22760,0.408,36.3
0.0873,22840,0.409,36.4
0.0874,22910,0.411,36.5
0.0876,22980,0.413,36.5
0.0877,23050,0.415,36.6
0.0879,23120,0.417,36.7
0.0880,23180,0.419,36.8
0.0881,23250,0.421,36.8
0.0883,23320,0.423,36.9
0.0885,23390,0.425,37.0
0.0886,23460,0.427,37.1
0.0887,23530,0.429,37.1
0.0889,23600,0.431,37.2
0.0891,23660,0.433,37.3
0.0892,23730,0.435,37.3
0.0894,23800,0.437,37.4
0.0895,23860,0.440,37.5
0.0897,23910,0.442,37.6
0.0898,23970,0.445,37.6
0.0900,24020,0.448,37.7
0.0901,24060,0.451,37.8
0.0903,24110,0.454,37.8
0.0904,24170,0.457,37.9
0.0906,24210,0.460,38.0
0.0907,24260,0.464,38.1
0.0909,24290,0.467,38.1
0.0910,24320,0.471,38.2
0.0912,24350,0.476,38.3
0.0913,24370,0.481,38.4
0.0915,24380,0.486,38.4
0.0917,24390,0.492,38.5
0.0918,24380,0.498,38.6
0.0919,24380,0.504,38.6
0.0921,24370,0.511,38.7
0.0922,24370,0.518,38.8
0.0924,24360,0.525,38.9
0.0926,24350,0.533,38.9
0.0927,24330,0.541,39.0
0.0928,24310,0.550,39.1
0.0930,24290,0.559,39.2
0.0932,24270,0.567,39.2
0.0933,24250,0.577,39.3
0.0935,24240,0.586,39.4
0.0936,24220,0.595,39.4
0.0938,24210,0.604,39.5
0.0939,24200,0.613,39.6
0.0940,24190,0.622,39.7
0.0942,24190,0.631,39.7
0.0943,24190,0.639,39.8
0.0945,24200,0.647,39.9
0.0947,24200,0.655,39.9
0.0948,24200,0.663,40.0
0.0949,24200,0.671,40.1
0.0951,24200,0.679,40.2
0.0953,24200,0.686,40.2
0.0954,24200,0.694,40.3
0.0956,24200,0.701,40.4
0.0957,24190,0.709,40.5
0.0959,24190,0.716,40.5
0.0960,24190,0.723,40.6
0.0961,24190,0.731,40.7
0.0963,24190,0.738,40.7
0.0965,24200,0.745,40.8
0.0966,24200,0.752,40.9
0.0968,24210,0.759,41.0
0.0969,24210,0.766,41.0
0.0971,24210,0.773,41.1
0.0972,24210,0.780,41.2
0.0974,24210,0.787,41.2
0.0975,24220,0.794,41.3
0.0977,24210,0.800,41.4
0.0978,24210,0.807,41.5
0.0980,24210,0.814,41.5
0.0981,24210,0.821,41.6
0.0983,24220,0.828,41.7
0.0984,24230,0.834,41.8
0.0986,24230,0.841,41.8
0.0987,24240,0.848,41.9
0.0988,24240,0.854,42.0
0.0990,24240,0.861,42.0
0.0992,24240,0.868,42.1
0.0993,24250,0.874,42.2
0.0995,24250,0.881,42.3
0.0997,24250,0.888,42.3
0.0998,24250,0.895,42.4
0.0999,24250,0.901,42.5
0.100,24250,0.908,42.6
0.100,24250,0.915,42.6
0.101,24260,0.921,42.8
0.101,24270,0.921,42.8
0.101,24270,0.921,42.8
0.101,24270,0.921,42.9
0.101,24270,0.921,43.0
0.101,24280,0.921,43.1
0.101,24280,0.921,43.1
0.101,24280,0.921,43.2
0.102,24280,0.921,43.3
0.102,24280,0.921,43.3
0.102,24270,0.921,43.4
0.102,24270,0.921,43.5
0.102,24270,0.921,43.6
0.102,24280,0.921,43.6
0.102,24280,0.921,43.7
0.103,24290,0.921,43.8
0.103,24290,0.921,43.8
0.103,24290,0.921,43.9
0.103,24290,0.921,44.0
0.103,24290,0.921,44.1
0.103,24300,0.921,44.1
0.104,24290,0.921,44.2
0.104,24290,0.921,44.3
0.104,24280,0.921,44.3
0.104,24280,0.921,44.4
0.104,24280,0.921,44.5
0.104,24270,0.921,44.6
0.104,24280,0.921,44.6
0.105,24280,0.921,44.7
0.105,24270,0.921,44.8
0.105,24260,0.921,44.8
0.105,24250,0.921,44.9
0.105,24240,0.921,45.0
0.105,24220,0.921,45.1
0.105,24200,0.921,45.1
0.106,24180,0.921,45.2
0.106,24160,0.921,45.3
0.106,24150,0.921,45.4
0.106,24150,0.921,45.4
0.106,24150,0.921,45.5
0.106,24160,0.921,45.6
0.107,24170,0.921,45.6
0.107,24180,0.921,45.7
0.107,24180,0.921,45.8
0.107,24190,0.921,45.9
0.107,24190,0.921,45.9
0.107,24200,0.921,46.0
0.107,24210,0.921,46.1
0.108,24210,0.921,46.1
0.108,24210,0.921,46.2
0.108,24220,0.921,46.3
0.108,24220,0.921,46.4
0.108,24220,0.921,46.4
0.108,24230,0.921,46.5
0.108,24240,0.921,46.6
0.109,24250,0.921,46.6
0.109,24260,0.921,46.7
0.109,24270,0.921,46.8
0.109,24270,0.921,46.9
0.109,24280,0.921,46.9
0.109,24290,0.921,47.0
0.110,24290,0.921,47.1
0.110,24300,0.921,47.1
0.110,24300,0.921,47.2
0.110,24300,0.921,47.3
0.110,24300,0.921,47.4
0.110,24310,0.921,47.4
0.110,24320,0.921,47.5
0.111,24330,0.921,47.6
0.111,24340,0.921,47.6
0.111,24340,0.921,47.7
0.111,24350,0.921,47.8
0.111,24350,0.921,47.9
0.111,24360,0.921,47.9
0.111,24370,0.921,48.0
0.112,24370,0.921,48.1
0.112,24370,0.921,48.1
0.112,24370,0.921,48.2
0.112,24370,0.921,48.3
0.112,24370,0.921,48.4
0.112,24380,0.921,48.4
0.112,24390,0.921,48.5
0.113,24400,0.921,48.6
0.113,24410,0.921,48.6
0.113,24410,0.921,48.7
0.113,24410,0.921,48.8
0.113,24420,0.921,48.9
0.113,24420,0.921,48.9
0.114,24430,0.921,49.0
0.114,24430,0.921,49.1
0.114,24430,0.921,49.1
0.114,24430,0.921,49.2
0.114,24430,0.921,49.3
0.114,24440,0.921,49.4
0.114,24450,0.921,49.4
0.115,24460,0.921,49.5
0.115,24460,0.921,49.6
0.115,24470,0.921,49.7
0.115,24470,0.921,49.7
0.115,24480,0.921,49.8
0.115,24480,0.921,49.9
0.115,24480,0.921,49.9
0.116,24480,0.921,50.0
0.116,24480,0.921,50.1
0.116,24480,0.921,50.2
0.116,24490,0.921,50.2
0.116,24490,0.921,50.3
0.116,24500,0.921,50.4
0.117,24510,0.921,50.4
0.117,24510,0.921,50.5
0.117,24520,0.921,50.6
0.117,24520,0.921,50.7
0.117,24530,0.921,50.7
0.117,24530,0.921,50.8
0.117,24540,0.921,50.9
0.118,24540,0.921,50.9
0.118,24540,0.921,51.0
0.118,24540,0.921,51.1
0.118,24540,0.921,51.2
0.118,24540,0.921,51.2
0.118,24550,0.921,51.3
0.118,24560,0.921,51.4
0.119,24560,0.921,51.4
0.119,24570,0.921,51.5
0.119,24570,0.921,51.6
0.119,24580,0.921,51.7
0.119,24580,0.921,51.7
0.119,24590,0.921,51.8
0.120,24590,0.921,51.9
0.120,24590,0.921,51.9
0.120,24590,0.921,52.0
0.120,24590,0.921,52.1
0.120,24600,0.921,52.2
0.120,24600,0.921,52.2
0.120,24610,0.921,52.3
0.121,24630,0.921,52.4
0.121,24630,0.921,52.4
0.122,24900,0.921,52.5
0.123,24950,0.921,52.6
0.124,24960,0.921,52.7
0.125,24970,0.921,52.7
0.127,24990,0.921,52.8
0.128,25020,0.921,52.9
0.129,25050,0.921,52.9
0.130,25070,0.921,53.0
0.131,25110,0.921,53.1
0.133,25130,0.921,53.2
0.134,25160,0.921,53.2
0.135,25190,0.921,53.3
0.136,25220,0.921,53.4
0.137,25250,0.921,53.5
0.139,25270,0.921,53.5
0.140,25310,0.921,53.6
0.141,25340,0.921,53.7
0.142,25360,0.921,53.7
0.144,25390,0.921,53.8
0.145,25410,0.921,53.9
0.146,25440,0.921,54.0
0.147,25470,0.921,54.0
0.148,25490,0.921,54.1
0.150,25520,0.921,54.2
0.151,25540,0.921,54.2
0.152,25560,0.921,54.3
0.153,25590,0.921,54.4
0.154,25610,0.921,54.5
0.156,25640,0.921,54.5
0.157,25650,0.921,54.6
0.158,25680,0.921,54.7
0.159,25700,0.921,54.7
0.160,25710,0.921,54.8
0.162,25740,0.921,54.9
0.163,25750,0.921,55.0
0.164,25770,0.921,55.0
0.165,25790,0.921,55.1
0.166,25800,0.921,55.2
0.168,25820,0.921,55.3
0.169,25830,0.921,55.3
0.170,25850,0.921,55.4
0.171,25870,0.921,55.5
0.172,25870,0.921,55.5
0.174,25900,0.921,55.6
0.175,25900,0.921,55.7
0.176,25920,0.921,55.8
0.177,25930,0.921,55.8
0.178,25930,0.921,55.9
0.180,25950,0.921,56.0
0.181,25960,0.921,56.0
0.182,25970,0.921,56.1
0.183,25980,0.921,56.2
0.184,25980,0.921,56.3
0.186,26000,0.921,56.3
0.187,26000,0.921,56.4
0.188,26010,0.921,56.5
0.189,26020,0.921,56.5
0.190,26010,0.921,56.6
0.192,26030,0.921,56.7
0.193,26030,0.921,56.8
0.194,26030,0.921,56.8
0.195,26040,0.921,56.9
0.197,26040,0.921,57.0
0.198,26050,0.921,57.0
0.199,26040,0.921,57.1
0.200,26040,0.921,57.2
0.201,26050,0.921,57.3
0.203,26040,0.921,57.3
0.204,26050,0.921,57.4
0.205,26050,0.921,57.5
0.206,26050,0.921,57.6
0.207,26050,0.921,57.6
0.209,26040,0.921,57.7
0.210,26050,0.921,57.8
0.211,26050,0.921,57.8
0.212,26040,0.921,57.9
0.213,26040,0.921,58.0
0.215,26030,0.921,58.1
0.216,26030,0.921,58.1
0.217,26030,0.921,58.2
0.218,26020,0.921,58.3
0.219,26020,0.921,58.3
0.221,26010,0.921,58.4
0.222,26010,0.921,58.5
0.223,26000,0.921,58.6
0.224,25990,0.921,58.6
0.225,25990,0.921,58.7
0.227,25980,0.921,58.8
0.228,25980,0.921,58.8
0.229,25970,0.921,58.9
0.230,25950,0.921,59.0
0.231,25950,0.921,59.1
0.233,25930,0.921,59.1
0.234,25930,0.921,59.2
0.235,25920,0.921,59.3
0.236,25900,0.921,59.3
0.237,25890,0.921,59.4
0.239,25870,0.921,59.5
0.240,25870,0.921,59.6
0.241,25850,0.921,59.6
0.242,25830,0.921,59.7
0.243,25820,0.921,59.8
0.245,25800,0.921,59.9
0.246,25790,0.921,59.9
0.247,25770,0.921,60.0
0.248,25750,0.921,60.1
0.249,25740,0.921,60.1
0.251,25710,0.921,60.2
0.252,25700,0.921,60.3
0.253,25670,0.921,60.4
0.254,25650,0.921,60.4
0.255,25630,0.921,60.5
0.257,25600,0.921,60.6
0.258,25580,0.921,60.6
0.259,25560,0.921,60.7
0.260,25530,0.921,60.8
0.261,25510,0.921,60.9
0.263,25480,0.921,60.9
0.264,25460,0.921,61.0
0.265,25430,0.921,61.1
0.266,25390,0.921,61.1
0.267,25370,0.921,61.2
0.269,25340,0.921,61.3
0.270,25310,0.921,61.4
0.271,25280,0.921,61.4
0.272,25250,0.921,61.5
0.273,25220,0.921,61.6
0.275,25190,0.921,61.6
0.276,25160,0.921,61.7
0.277,25120,0.921,61.8
0.278,25090,0.921,61.9
0.279,25070,0.921,61.9
0.281,25030,0.921,62.0
0.282,25000,0.921,62.1
0.283,24960,0.921,62.2
0.284,24920,0.921,62.2
0.286,24900,0.921,62.3
0.287,24860,0.921,62.4
0.288,24850,0.921,62.4
0.289,24830,0.921,62.5
0.290,24810,0.921,62.6
0.292,24780,0.921,62.7
0.293,24740,0.921,62.7
0.294,24710,0.921,62.8
0.295,24670,0.921,62.9
0.296,24630,0.921,62.9
0.298,24600,0.921,63.0
0.299,24560,0.921,63.1
0.300,24520,0.921,63.2
0.301,24490,0.921,63.2
0.302,24450,0.921,63.3
0.304,24410,0.921,63.4
0.305,24370,0.921,63.4
0.306,24340,0.921,63.5
0.307,24300,0.921,63.6
0.308,24260,0.921,63.7
0.310,24220,0.921,63.7
0.311,24180,0.921,63.8
0.312,24140,0.921,63.9
0.313,24100,0.921,64.0
0.314,24060,0.921,64.0
0.316,24020,0.921,64.1
0.317,23980,0.921,64.2
0.318,23940,0.921,64.2
0.319,23900,0.921,64.3
0.320,23860,0.921,64.4
0.322,23820,0.921,64.5
0.323,23780,0.921,64.5
0.324,23740,0.921,64.6
0.325,23690,0.921,64.7
0.326,23650,0.921,64.7
0.328,23610,0.921,64.8
0.329,23570,0.921,64.9
0.330,23520,0.921,65.0
0.331,23480,0.921,65.0
0.332,23440,0.921,65.1
0.334,23390,0.921,65.2
0.335,23350,0.921,65.2
0.336,23310,0.921,65.3
0.337,23260,0.921,65.4
0.338,23220,0.921,65.5
0.340,23180,0.921,65.5
0.341,23130,0.921,65.6
0.342,23090,0.921,65.7
0.343,23040,0.921,65.7
0.344,23000,0.921,65.8
0.346,22950,0.921,65.9
0.347,22900,0.921,66.0
0.348,22860,0.921,66.0
0.349,22810,0.921,66.1
0.350,22760,0.921,66.2
0.352,22720,0.921,66.3
0.353,22670,0.921,66.3
0.354,22620,0.921,66.4
0.355,22570,0.921,66.5
0.356,22530,0.921,66.5
0.358,22480,0.921,66.6
0.359,22430,0.921,66.7
0.360,22380,0.921,66.8
0.361,22330,0.921,66.8
0.362,22280,0.921,66.9
0.364,22230,0.921,67.0
0.365,22180,0.921,67.0
0.366,22130,0.921,67.1
0.367,22080,0.921,67.2
0.368,22030,0.921,67.3
0.370,21980,0.921,67.3
0.371,21920,0.921,67.4
0.372,21870,0.921,67.5
0.373,21820,0.921,67.5
0.374,21770,0.921,67.6
0.376,21710,0.921,67.7
0.377,21660,0.921,67.8
0.378,21610,0.921,67.8
0.379,21560,0.921,67.9
0.380,21500,0.921,68.0
0.382,21450,0.921,68.0
0.383,21390,0.921,68.1
0.384,21330,0.921,68.2
0.385,21280,0.921,68.3
0.386,21220,0.921,68.3
0.388,21170,0.921,68.4
0.389,21110,0.921,68.5
0.390,21050,0.921,68.6
0.391,21000,0.921,68.6
0.392,20940,0.921,68.7
0.394,20880,0.921,68.8
0.395,20820,0.921,68.8
0.396,20760,0.921,68.9
0.397,20700,0.921,69.0
0.398,20640,0.921,69.1
0.400,20580,0.921,69.1
0.401,20520,0.921,69.2
0.402,20460,0.921,69.3
0.403,20400,0.921,69.3
0.404,20340,0.921,69.4
0.406,20280,0.921,69.5
0.407,20220,0.921,69.6
0.408,20150,0.921,69.6
0.409,20090,0.921,69.7
0.410,20030,0.921,69.8
0.412,19960,0.921,69.8
0.413,19900,0.921,69.9
0.414,19830,0.921,70.0
0.415,19770,0.921,70.1
0.416,19700,0.921,70.1
0.418,19630,0.921,70.2
0.419,19570,0.921,70.3
0.420,19500,0.921,70.4
0.421,19430,0.921,70.4
0.422,19370,0.921,70.5
0.424,19300,0.921,70.6
0.425,19230,0.921,70.6
0.426,19160,0.921,70.7
0.427,19090,0.921,70.8
0.428,19020,0.921,70.9
0.430,18950,0.921,70.9
0.431,18880,0.921,71.0
0.432,18800,0.921,71.1
0.433,18730,0.921,71.1
0.434,18660,0.921,71.2
0.436,18580,0.921,71.3
0.437,18510,0.921,71.4
0.438,18430,0.921,71.4
0.439,18360,0.921,71.5
0.440,18280,0.921,71.6
0.442,18210,0.921,71.6
0.443,18130,0.921,71.7
0.444,18050,0.921,71.8
0.445,17970,0.921,71.9
0.446,17890,0.921,71.9
0.448,17810,0.921,72.0
0.431,3603,0.921,72.1
